ott_id,Group,Family,unique_name
994084,Gymnosperms,GINKGOACEAE,Ginkgo biloba
625420,Gymnosperms,ARAUCARIACEAE,Wollemia nobilis
1020072,Gymnosperms,ARAUCARIACEAE,Araucaria angustifolia
884337,Gymnosperms,PODOCARPACEAE,Acmopyle sahniana
47947,Gymnosperms,WELWITSCHIACEAE,Welwitschia mirabilis
48793,Gymnosperms,ZAMIACEAE,Microcycas calocoma
164658,Gymnosperms,SCIADOPITYACEAE,Sciadopitys verticillata
963047,Gymnosperms,ARAUCARIACEAE,Araucaria araucana
399688,Gymnosperms,PODOCARPACEAE,Parasitaxus usta
810380,Gymnosperms,CUPRESSACEAE,Sequoiadendron giganteum
47954,Gymnosperms,CUPRESSACEAE,Metasequoia glyptostroboides
538150,Gymnosperms,CUPRESSACEAE,Sequoia sempervirens
238581,Gymnosperms,CUPRESSACEAE,Taiwania cryptomerioides
659110,Gymnosperms,PINACEAE,Cathaya argyrophylla
641107,Gymnosperms,PINACEAE,Pseudolarix amabilis
700834,Gymnosperms,PODOCARPACEAE,Saxegothaea conspicua
751756,Gymnosperms,CUPRESSACEAE,Glyptostrobus pensilis
386488,Gymnosperms,TAXACEAE,Pseudotaxus chienii
207220,Gymnosperms,PODOCARPACEAE,Pherosphaera fitzgeraldii
3866785,Gymnosperms,PODOCARPACEAE,Prumnopitys standleyi
86001,Gymnosperms,STANGERIACEAE,Stangeria eriopus
194514,Gymnosperms,PODOCARPACEAE,Pherosphaera hookeriana
317468,Gymnosperms,TAXACEAE,Austrotaxus spicata
10216,Gymnosperms,PODOCARPACEAE,Acmopyle pancheri
573557,Gymnosperms,PODOCARPACEAE,Prumnopitys ladei
85997,Gymnosperms,ARAUCARIACEAE,Araucaria heterophylla
1089675,Gymnosperms,TAXACEAE,Taxus floridana
10217,Gymnosperms,ARAUCARIACEAE,Agathis australis
894059,Gymnosperms,CYCADACEAE,Cycas hongheensis
128573,Gymnosperms,ARAUCARIACEAE,Agathis montana de Laub. 1969
48807,Gymnosperms,ZAMIACEAE,Dioon spinulosum
1022065,Gymnosperms,PODOCARPACEAE,Podocarpus decumbens
159509,Gymnosperms,PODOCARPACEAE,Prumnopitys andina
992628,Gymnosperms,PINACEAE,Pseudotsuga japonica
904749,Gymnosperms,ZAMIACEAE,Zamia hymenophyllidia
620751,Gymnosperms,PODOCARPACEAE,Podocarpus henkelii
309869,Gymnosperms,PODOCARPACEAE,Manoao colensoi
599519,Gymnosperms,ZAMIACEAE,Zamia spartea
3866981,Gymnosperms,ARAUCARIACEAE,Agathis kinabaluensis
3866771,Gymnosperms,PODOCARPACEAE,Falcatifolium angustum
1040417,Gymnosperms,PINACEAE,Picea koyamae
837873,Gymnosperms,PINACEAE,Pinus nelsonii
117272,Gymnosperms,CUPRESSACEAE,Cunninghamia lanceolata var. konishii
42988,Gymnosperms,PODOCARPACEAE,Podocarpus urbanii
751748,Gymnosperms,CUPRESSACEAE,Athrotaxis selaginoides
810438,Gymnosperms,CUPRESSACEAE,Athrotaxis cupressoides
142249,Gymnosperms,CYCADACEAE,Cycas chamaoensis
84961,Gymnosperms,ZAMIACEAE,Encephalartos middelburgensis
259823,Gymnosperms,ZAMIACEAE,Encephalartos cupidus
1020081,Gymnosperms,ARAUCARIACEAE,Araucaria muelleri
828859,Gymnosperms,TAXACEAE,Cephalotaxus hainanensis
791262,Gymnosperms,CUPRESSACEAE,Fitzroya cupressoides
48805,Gymnosperms,ZAMIACEAE,Dioon rzedowskii
606549,Gymnosperms,ZAMIACEAE,Encephalartos latifrons
296254,Gymnosperms,TAXACEAE,Taxus chinensis
1043650,Gymnosperms,TAXACEAE,Torreya jackii
1090066,Gymnosperms,CUPRESSACEAE,Chamaecyparis hodginsii
262920,Gymnosperms,ARAUCARIACEAE,Agathis borneensis
3866980,Gymnosperms,ARAUCARIACEAE,Agathis orbicula
388647,Gymnosperms,CYCADACEAE,Cycas hoabinhensis
625424,Gymnosperms,ARAUCARIACEAE,Agathis ovata
201526,Gymnosperms,CYCADACEAE,Cycas debaoensis
1043657,Gymnosperms,TAXACEAE,Taxus wallichiana
698566,Gymnosperms,TAXACEAE,Torreya taxifolia
259835,Gymnosperms,ZAMIACEAE,Encephalartos aemulans
693241,Gymnosperms,PINACEAE,Pseudotsuga sinensis
128567,Gymnosperms,ARAUCARIACEAE,Araucaria humboldtensis
876310,Gymnosperms,PINACEAE,Abies nebrodensis
534036,Gymnosperms,PINACEAE,Pinus squamata
1089672,Gymnosperms,TAXACEAE,Taxus globosa
212904,Gymnosperms,PODOCARPACEAE,Podocarpus costaricensis
884347,Gymnosperms,PODOCARPACEAE,Dacrydium guillauminii
616600,Gymnosperms,ZAMIACEAE,Zamia pygmaea
3866743,Gymnosperms,PODOCARPACEAE,Podocarpus perrieri
259829,Gymnosperms,ZAMIACEAE,Encephalartos cerinus
768691,Gymnosperms,PODOCARPACEAE,Podocarpus hispaniolensis
979705,Gymnosperms,ZAMIACEAE,Ceratozamia robusta
620749,Gymnosperms,CUPRESSACEAE,Cryptomeria japonica
3866764,Gymnosperms,PODOCARPACEAE,Podocarpus palawanensis
753667,Gymnosperms,ARAUCARIACEAE,Araucaria scopulorum
134479,Gymnosperms,CYCADACEAE,Cycas tansachana
421175,Gymnosperms,CUPRESSACEAE,Callitropsis vietnamensis
216742,Gymnosperms,CUPRESSACEAE,Austrocedrus chilensis
61757,Gymnosperms,PODOCARPACEAE,Retrophyllum minus
22155,Gymnosperms,CYCADACEAE,Cycas changjiangensis
874984,Gymnosperms,PODOCARPACEAE,Prumnopitys harmsiana
599531,Gymnosperms,ZAMIACEAE,Zamia wallisii
894061,Gymnosperms,CYCADACEAE,Cycas fugax
753666,Gymnosperms,ARAUCARIACEAE,Araucaria nemorosa
4001692,Gymnosperms,ZAMIACEAE,Zamia urep
519235,Gymnosperms,CYCADACEAE,Cycas wadei
213430,Gymnosperms,TAXACEAE,Taxus contorta
39083,Gymnosperms,PINACEAE,Nothotsuga longibracteata
1022079,Gymnosperms,PODOCARPACEAE,Podocarpus capuronii
753665,Gymnosperms,ARAUCARIACEAE,Araucaria rulei
616609,Gymnosperms,ZAMIACEAE,Zamia inermis
309855,Gymnosperms,PODOCARPACEAE,Halocarpus kirkii
519226,Gymnosperms,CYCADACEAE,Cycas multipinnata
245565,Gymnosperms,CYCADACEAE,Cycas szechuanensis
305714,Gymnosperms,CUPRESSACEAE,Widdringtonia whytei
4001653,Gymnosperms,CYCADACEAE,Cycas pachypoda
6011156,Gymnosperms,CYCADACEAE,Cycas zambalensis
599392,Gymnosperms,ZAMIACEAE,Encephalartos brevifoliolatus
4001691,Gymnosperms,ZAMIACEAE,Zamia disodon
4001565,Gymnosperms,GNETACEAE,Gnetum oxycarpum
3866648,Gymnosperms,PINACEAE,Picea asperata var. aurantiaca
207207,Gymnosperms,PODOCARPACEAE,Microcachrys tetragona
417791,Gymnosperms,ZAMIACEAE,Zamia gentryi
5456037,Gymnosperms,ZAMIACEAE,Zamia amplifolia
207236,Gymnosperms,PODOCARPACEAE,Lagarostrobos franklinii
128581,Gymnosperms,ARAUCARIACEAE,Araucaria biramulata
700836,Gymnosperms,PODOCARPACEAE,Prumnopitys taxifolia
48809,Gymnosperms,ZAMIACEAE,Zamia restrepoi
3866983,Gymnosperms,ARAUCARIACEAE,Agathis lenticula
760790,Gymnosperms,CUPRESSACEAE,Cunninghamia lanceolata
1020074,Gymnosperms,ARAUCARIACEAE,Araucaria cunninghamii
159528,Gymnosperms,PODOCARPACEAE,Podocarpus salignus
68827,Gymnosperms,ZAMIACEAE,Zamia vazquezii
1020069,Gymnosperms,ARAUCARIACEAE,Agathis macrophylla
262762,Gymnosperms,PINACEAE,Picea retroflexa
388650,Gymnosperms,CYCADACEAE,Cycas curranii
1000591,Gymnosperms,PINACEAE,Picea breweriana
388636,Gymnosperms,CYCADACEAE,Cycas lindstromii
659214,Gymnosperms,ZAMIACEAE,Encephalartos pterogonus
372468,Gymnosperms,PINACEAE,Picea neoveitchii
606543,Gymnosperms,ZAMIACEAE,Encephalartos inopinus
4001696,Gymnosperms,ZAMIACEAE,Zamia montana
84948,Gymnosperms,ZAMIACEAE,Encephalartos munchii
668994,Gymnosperms,ZAMIACEAE,Dioon caputoi
62999,Gymnosperms,PINACEAE,Larix mastersiana
672475,Gymnosperms,TAXACEAE,Cephalotaxus oliveri
179192,Gymnosperms,ZAMIACEAE,Ceratozamia kuesteriana
93728,Gymnosperms,CUPRESSACEAE,Neocallitropsis pancheri
865421,Gymnosperms,ZAMIACEAE,Macrozamia elegans
1080542,Gymnosperms,PINACEAE,Cedrus atlantica
1020079,Gymnosperms,ARAUCARIACEAE,Araucaria hunsteinii
3866975,Gymnosperms,ARAUCARIACEAE,Agathis flavescens
93726,Gymnosperms,CUPRESSACEAE,Callitris sulcata
813294,Gymnosperms,CYCADACEAE,Cycas elongata
509252,Gymnosperms,ZAMIACEAE,Encephalartos heenanii
408490,Gymnosperms,CYCADACEAE,Cycas taitungensis
3866984,Gymnosperms,TAXACEAE,Amentotaxus assamica
463852,Gymnosperms,PINACEAE,Picea asperata
3866982,Gymnosperms,ARAUCARIACEAE,Agathis labillardierei
800340,Gymnosperms,CUPRESSACEAE,Chamaecyparis formosensis
4001695,Gymnosperms,ZAMIACEAE,Zamia monticola
3866772,Gymnosperms,PODOCARPACEAE,Dacrydium comosum
128578,Gymnosperms,ARAUCARIACEAE,Araucaria bernieri
194510,Gymnosperms,PODOCARPACEAE,Falcatifolium falciforme
61760,Gymnosperms,CUPRESSACEAE,Platycladus orientalis
753661,Gymnosperms,ARAUCARIACEAE,Araucaria luxurians
834478,Gymnosperms,ZAMIACEAE,Dioon califanoi
4001688,Gymnosperms,ZAMIACEAE,Zamia macrochiera
534326,Gymnosperms,ZAMIACEAE,Macrozamia spiralis
11405,Gymnosperms,ZAMIACEAE,Zamia elegantissima
3866744,Gymnosperms,PODOCARPACEAE,Podocarpus pendulifolius
615996,Gymnosperms,PODOCARPACEAE,Podocarpus sellowii
834476,Gymnosperms,CYCADACEAE,Cycas pectinata
154872,Gymnosperms,PODOCARPACEAE,Sundacarpus amarus
855339,Gymnosperms,ZAMIACEAE,Ceratozamia zaragozae
417795,Gymnosperms,ZAMIACEAE,Zamia dressleri
964876,Gymnosperms,CYCADACEAE,Cycas petraea
388440,Gymnosperms,TAXACEAE,Taxus mairei
992010,Gymnosperms,ZAMIACEAE,Macrozamia flexuosa
341893,Gymnosperms,ARAUCARIACEAE,Agathis moorei
494288,Gymnosperms,ARAUCARIACEAE,Agathis lanceolata
3866755,Gymnosperms,PODOCARPACEAE,Podocarpus macrocarpus
84967,Gymnosperms,ZAMIACEAE,Encephalartos nubimontanus
137129,Gymnosperms,ZAMIACEAE,Encephalartos woodii
227579,Gymnosperms,PODOCARPACEAE,Retrophyllum rospigliosii
1015543,Gymnosperms,TAXACEAE,Amentotaxus formosana
259819,Gymnosperms,ZAMIACEAE,Encephalartos dolomiticus
573555,Gymnosperms,PODOCARPACEAE,Prumnopitys ferruginea
944767,Gymnosperms,ZAMIACEAE,Ceratozamia fuscoviridis
944,Gymnosperms,PODOCARPACEAE,Podocarpus matudae
417787,Gymnosperms,ZAMIACEAE,Zamia ipetiensis
824129,Gymnosperms,CUPRESSACEAE,Juniperus cedrus
3866767,Gymnosperms,PODOCARPACEAE,Podocarpus humbertii
128572,Gymnosperms,ARAUCARIACEAE,Agathis dammara
137127,Gymnosperms,ZAMIACEAE,Encephalartos whitelockii
3866762,Gymnosperms,PODOCARPACEAE,Podocarpus buchii
616643,Gymnosperms,ZAMIACEAE,Encephalartos altensteinii
4001700,Gymnosperms,ZAMIACEAE,Encephalartos delucanus
59279,Gymnosperms,PODOCARPACEAE,Dacrydium nausoriense
786802,Gymnosperms,PINACEAE,Pinus culminicola
693243,Gymnosperms,PINACEAE,Pseudotsuga macrocarpa
958473,Gymnosperms,ZAMIACEAE,Dioon holmgrenii
616010,Gymnosperms,PODOCARPACEAE,Podocarpus purdieanus
659220,Gymnosperms,ZAMIACEAE,Encephalartos sclavoi
596159,Gymnosperms,ZAMIACEAE,Encephalartos arenarius
848259,Gymnosperms,CYCADACEAE,Cycas elephantipes
538146,Gymnosperms,CUPRESSACEAE,Taxodium distichum
302191,Gymnosperms,ZAMIACEAE,Encephalartos hirsutus
39088,Gymnosperms,PINACEAE,Abies beshanzuensis
753664,Gymnosperms,ARAUCARIACEAE,Araucaria montana
797545,Gymnosperms,CYCADACEAE,Cycas segmentifida
573556,Gymnosperms,PODOCARPACEAE,Prumnopitys ferruginoides
3866770,Gymnosperms,PODOCARPACEAE,Falcatifolium sleumeri
3866745,Gymnosperms,PODOCARPACEAE,Podocarpus confertus
667265,Gymnosperms,TAXACEAE,Taxus brevifolia
39086,Gymnosperms,CYCADACEAE,Cycas panzhihuaensis
3866757,Gymnosperms,PODOCARPACEAE,Podocarpus globulus
259825,Gymnosperms,ZAMIACEAE,Encephalartos concinnus
4001651,Gymnosperms,CYCADACEAE,Cycas javana
791271,Gymnosperms,CUPRESSACEAE,Papuacedrus papuana
599513,Gymnosperms,ZAMIACEAE,Zamia variegata
625480,Gymnosperms,TAXACEAE,Amentotaxus poilanei
99243,Gymnosperms,CYCADACEAE,Cycas circinalis
3866768,Gymnosperms,PODOCARPACEAE,Retrophyllum piresii
233667,Gymnosperms,CYCADACEAE,Cycas hainanensis
904753,Gymnosperms,ZAMIACEAE,Macrozamia plurinervia
753671,Gymnosperms,ARAUCARIACEAE,Araucaria schmidii
117276,Gymnosperms,PINACEAE,Tsuga canadensis
519218,Gymnosperms,ZAMIACEAE,Encephalartos horridus
442800,Gymnosperms,TAXACEAE,Torreya fargesii
568623,Gymnosperms,PINACEAE,Pinus krempfii
913,Gymnosperms,PODOCARPACEAE,Podocarpus polyspermus
7045832,Gymnosperms,TAXACEAE,Taxus florinii
420128,Gymnosperms,CYCADACEAE,Cycas macrocarpa
608496,Gymnosperms,PINACEAE,Cedrus libani
1043671,Gymnosperms,PODOCARPACEAE,Dacrydium pectinatum
309851,Gymnosperms,PODOCARPACEAE,Halocarpus bidwillii
4001658,Gymnosperms,CYCADACEAE,Cycas candida
286655,Gymnosperms,PODOCARPACEAE,Falcatifolium gruezoi
6011130,Gymnosperms,CYCADACEAE,Cycas annaikalensis
86003,Gymnosperms,ZAMIACEAE,Zamia fischeri
668992,Gymnosperms,ZAMIACEAE,Dioon sonorense
839332,Gymnosperms,CUPRESSACEAE,Thuja sutchuenensis
599390,Gymnosperms,ZAMIACEAE,Encephalartos equatorialis
519242,Gymnosperms,CYCADACEAE,Cycas taiwaniana
964874,Gymnosperms,CYCADACEAE,Cycas riuminiana
884343,Gymnosperms,PODOCARPACEAE,Dacrycarpus cumingii
4001661,Gymnosperms,CYCADACEAE,Cycas megacarpa
263467,Gymnosperms,PINACEAE,Pinus rzedowskii
834468,Gymnosperms,CYCADACEAE,Cycas micronesica
263471,Gymnosperms,PINACEAE,Pinus tropicalis
865413,Gymnosperms,ZAMIACEAE,Macrozamia pauli-guilielmi
994864,Gymnosperms,ZAMIACEAE,Zamia portoricensis
628864,Gymnosperms,PINACEAE,Tsuga caroliniana
582848,Gymnosperms,ZAMIACEAE,Dioon edule
709250,Gymnosperms,PODOCARPACEAE,Podocarpus nakaii
606537,Gymnosperms,ZAMIACEAE,Encephalartos eugene-maraisii
386481,Gymnosperms,TAXACEAE,Torreya californica
179203,Gymnosperms,ZAMIACEAE,Ceratozamia mixeorum
599523,Gymnosperms,ZAMIACEAE,Zamia skinneri
771664,Gymnosperms,PINACEAE,Picea sitchensis
573558,Gymnosperms,PODOCARPACEAE,Podocarpus polystachyus
4001687,Gymnosperms,ZAMIACEAE,Zamia melanorrhachis
3866734,Gymnosperms,PODOCARPACEAE,Nageia maxima
134515,Gymnosperms,CYCADACEAE,Cycas zeylanica
134493,Gymnosperms,CYCADACEAE,Cycas pranburiensis
709315,Gymnosperms,TAXACEAE,Amentotaxus yunnanensis
828747,Gymnosperms,CUPRESSACEAE,Cupressus dupreziana
14126,Gymnosperms,TAXACEAE,Cephalotaxus griffithii
988271,Gymnosperms,PINACEAE,Pinus tecunumanii
1020073,Gymnosperms,ARAUCARIACEAE,Araucaria bidwillii
599527,Gymnosperms,ZAMIACEAE,Zamia purpurea
309857,Gymnosperms,PODOCARPACEAE,Halocarpus biformis
11403,Gymnosperms,ZAMIACEAE,Zamia prasina
599521,Gymnosperms,ZAMIACEAE,Zamia standleyi
659216,Gymnosperms,ZAMIACEAE,Encephalartos princeps
596130,Gymnosperms,ZAMIACEAE,Zamia integrifolia
668996,Gymnosperms,ZAMIACEAE,Dioon argenteum
944776,Gymnosperms,CYCADACEAE,Cycas beddomei
603160,Gymnosperms,CUPRESSACEAE,Callitropsis nootkatensis
413009,Gymnosperms,PINACEAE,Abies fanjingshanensis
4001559,Gymnosperms,GNETACEAE,Gnetum ridleyi
150474,Gymnosperms,CUPRESSACEAE,Juniperus saxicola
3866735,Gymnosperms,PODOCARPACEAE,Dacrycarpus steupii
319652,Gymnosperms,CUPRESSACEAE,Juniperus jaliscana
920,Gymnosperms,PODOCARPACEAE,Podocarpus longifoliolatus
11407,Gymnosperms,ZAMIACEAE,Zamia cunaria
665925,Gymnosperms,CUPRESSACEAE,Thujopsis dolabrata
4001571,Gymnosperms,GNETACEAE,Gnetum buchholzianum
784040,Gymnosperms,PINACEAE,Tsuga sieboldii
813327,Gymnosperms,CYCADACEAE,Cycas diannanensis
684215,Gymnosperms,TAXACEAE,Taxus baccata
855337,Gymnosperms,ZAMIACEAE,Ceratozamia zoquorum
4001662,Gymnosperms,CYCADACEAE,Cycas indica
54153,Gymnosperms,PODOCARPACEAE,Dacrycarpus dacrydioides
3866704,Gymnosperms,CUPRESSACEAE,Callitris neocaledonica
799673,Gymnosperms,PODOCARPACEAE,Prumnopitys montana
599525,Gymnosperms,ZAMIACEAE,Zamia soconuscensis
122358,Gymnosperms,CUPRESSACEAE,Microbiota decussata
628845,Gymnosperms,PODOCARPACEAE,Lepidothamnus intermedius
11401,Gymnosperms,ZAMIACEAE,Ceratozamia huastecorum
1025352,Gymnosperms,CYCADACEAE,Cycas micholitzii
593483,Gymnosperms,PINACEAE,Picea chihuahuana
606541,Gymnosperms,ZAMIACEAE,Encephalartos kisambo
194278,Gymnosperms,CUPRESSACEAE,Tetraclinis articulata
659218,Gymnosperms,ZAMIACEAE,Encephalartos senticosus
887858,Gymnosperms,ARAUCARIACEAE,Agathis silbae
951054,Gymnosperms,PODOCARPACEAE,Podocarpus angustifolius
84969,Gymnosperms,ZAMIACEAE,Encephalartos paucidentatus
625730,Gymnosperms,ARAUCARIACEAE,Agathis microstachya
48798,Gymnosperms,ZAMIACEAE,Ceratozamia norstogii
76520,Gymnosperms,PODOCARPACEAE,Prumnopitys exigua
3866985,Gymnosperms,TAXACEAE,Amentotaxus hatuyenensis
606533,Gymnosperms,ZAMIACEAE,Encephalartos gratus
639014,Gymnosperms,PINACEAE,Abies bracteata
407274,Gymnosperms,PODOCARPACEAE,Podocarpus elatus
77873,Gymnosperms,ARAUCARIACEAE,Agathis atropurpurea
541657,Gymnosperms,CYCADACEAE,Cycas guizhouensis
906747,Gymnosperms,PODOCARPACEAE,Dacrycarpus vieillardii
774101,Gymnosperms,CYCADACEAE,Cycas collina
994852,Gymnosperms,ZAMIACEAE,Zamia neurophyllidia
330625,Gymnosperms,CUPRESSACEAE,Cupressus chengiana
520225,Gymnosperms,ZAMIACEAE,Zamia lacandona
519229,Gymnosperms,CYCADACEAE,Cycas bifida
599385,Gymnosperms,ZAMIACEAE,Encephalartos relictus
83827,Gymnosperms,ZAMIACEAE,Encephalartos macrostrobilus
597867,Gymnosperms,PODOCARPACEAE,Podocarpus madagascariensis
668998,Gymnosperms,ZAMIACEAE,Dioon angustifolium
983456,Gymnosperms,PODOCARPACEAE,Podocarpus archboldii
3866774,Gymnosperms,PODOCARPACEAE,Dacrydium ericoides
7045831,Gymnosperms,TAXACEAE,Taxus calcicola
3866766,Gymnosperms,PODOCARPACEAE,Podocarpus ridleyi
302331,Gymnosperms,GNETACEAE,Gnetum africanum
3866780,Gymnosperms,PODOCARPACEAE,Dacrydium leptophyllum
818450,Gymnosperms,CYCADACEAE,Cycas aculeata
96714,Gymnosperms,CYCADACEAE,Cycas nongnoochiae
7580171,Gymnosperms,GNETACEAE,Gnetum latispicum
3866717,Gymnosperms,CUPRESSACEAE,Libocedrus chevalieri
309864,Gymnosperms,PODOCARPACEAE,Lepidothamnus laxifolius
417800,Gymnosperms,ZAMIACEAE,Zamia acuminata
753672,Gymnosperms,ARAUCARIACEAE,Araucaria subulata
351667,Gymnosperms,PINACEAE,Pinus palustris
76522,Gymnosperms,PODOCARPACEAE,Podocarpus sprucei
304176,Gymnosperms,PODOCARPACEAE,Podocarpus ledermannii
6011143,Gymnosperms,CYCADACEAE,Cycas montana
388652,Gymnosperms,CYCADACEAE,Cycas condaoensis
994854,Gymnosperms,ZAMIACEAE,Zamia obliqua
379125,Gymnosperms,CYCADACEAE,Cycas platyphylla
1075713,Gymnosperms,PINACEAE,Pseudotsuga menziesii
597441,Gymnosperms,CUPRESSACEAE,Libocedrus plumosa
915,Gymnosperms,PODOCARPACEAE,Podocarpus parlatorei
800337,Gymnosperms,CUPRESSACEAE,Chamaecyparis thyoides
837891,Gymnosperms,PINACEAE,Pinus peuce
753662,Gymnosperms,ARAUCARIACEAE,Araucaria laubenfelsii
1079346,Gymnosperms,PINACEAE,Picea martinezii
994846,Gymnosperms,ZAMIACEAE,Zamia pseudoparasitica
309859,Gymnosperms,PODOCARPACEAE,Lepidothamnus fonkii
4001570,Gymnosperms,GNETACEAE,Gnetum arboreum
884349,Gymnosperms,PODOCARPACEAE,Falcatifolium papuanum
4001665,Gymnosperms,CYCADACEAE,Cycas falcata
6011151,Gymnosperms,CYCADACEAE,Cycas terryana
828738,Gymnosperms,CUPRESSACEAE,Cupressus gigantea
4001657,Gymnosperms,CYCADACEAE,Cycas arenicola
259817,Gymnosperms,ZAMIACEAE,Encephalartos dyerianus
463854,Gymnosperms,PINACEAE,Picea wilsonii
7045756,Gymnosperms,CYCADACEAE,Cycas shanyaensis
5231999,Gymnosperms,ZAMIACEAE,Zamia erosa
6011312,Gymnosperms,ZAMIACEAE,Zamia stevensonii
84946,Gymnosperms,ZAMIACEAE,Encephalartos msinganus
417793,Gymnosperms,ZAMIACEAE,Zamia encephalartoides
924430,Gymnosperms,PINACEAE,Cedrus deodara
4001655,Gymnosperms,CYCADACEAE,Cycas sundaica
179205,Gymnosperms,ZAMIACEAE,Ceratozamia morettii
3866753,Gymnosperms,PODOCARPACEAE,Podocarpus transiens
791275,Gymnosperms,CUPRESSACEAE,Pilgerodendron uviferum
659226,Gymnosperms,ZAMIACEAE,Encephalartos trispinosus
6011284,Gymnosperms,ZAMIACEAE,Zamia gomeziana
6011144,Gymnosperms,CYCADACEAE,Cycas nitida
3866777,Gymnosperms,PODOCARPACEAE,Dacrydium medium
7045755,Gymnosperms,CYCADACEAE,Cycas pschannae
337929,Gymnosperms,ZAMIACEAE,Lepidozamia peroffskyana
137125,Gymnosperms,ZAMIACEAE,Lepidozamia hopei
1025350,Gymnosperms,ZAMIACEAE,Dioon tomasellii
408488,Gymnosperms,CUPRESSACEAE,Calocedrus formosana
4001666,Gymnosperms,CYCADACEAE,Cycas inermis
4001561,Gymnosperms,GNETACEAE,Gnetum contractum
582863,Gymnosperms,PODOCARPACEAE,Falcatifolium taxoides
702611,Gymnosperms,ZAMIACEAE,Ceratozamia alvarezii
6024802,Gymnosperms,PINACEAE,Musa arunachalensis
4001650,Gymnosperms,CYCADACEAE,Cycas tuckeri
4001649,Gymnosperms,CYCADACEAE,Cycas nathorstii
834470,Gymnosperms,CYCADACEAE,Cycas seemannii
4001569,Gymnosperms,GNETACEAE,Gnetum globosum
944772,Gymnosperms,CYCADACEAE,Cycas armstrongii
7580609,Gymnosperms,PINACEAE,Picea linzhiensis
774089,Gymnosperms,CYCADACEAE,Cycas chevalieri
4001669,Gymnosperms,CYCADACEAE,Cycas cupida
179200,Gymnosperms,ZAMIACEAE,Ceratozamia mirandae
179180,Gymnosperms,ZAMIACEAE,Ceratozamia sabatoi
7045774,Gymnosperms,ZAMIACEAE,Zamia nana
4001675,Gymnosperms,CYCADACEAE,Cycas saxatilis
259827,Gymnosperms,ZAMIACEAE,Encephalartos chimanimaniensis
828751,Gymnosperms,CUPRESSACEAE,Hesperocyparis bakeri
6011148,Gymnosperms,CYCADACEAE,Cycas sancti-lasallei
525028,Gymnosperms,CUPRESSACEAE,Diselma archeri
4001574,Gymnosperms,GNETACEAE,Gnetum catasphaericum
1045642,Gymnosperms,ZAMIACEAE,Ceratozamia hildae
202581,Gymnosperms,ZAMIACEAE,Ceratozamia matudae
771684,Gymnosperms,PINACEAE,Picea omorika
519240,Gymnosperms,CYCADACEAE,Cycas siamensis
4001670,Gymnosperms,CYCADACEAE,Cycas desolata
820316,Gymnosperms,PODOCARPACEAE,Afrocarpus mannii
7580170,Gymnosperms,GNETACEAE,Gnetum interruptum
424683,Gymnosperms,CUPRESSACEAE,Juniperus deltoides
763297,Gymnosperms,PINACEAE,Picea brachytyla
194195,Gymnosperms,CUPRESSACEAE,Cupressus duclouxiana
659210,Gymnosperms,ZAMIACEAE,Encephalartos umbeluziensis
6011303,Gymnosperms,ZAMIACEAE,Zamia pyrophylla
6011293,Gymnosperms,ZAMIACEAE,Zamia meermanii
6011313,Gymnosperms,ZAMIACEAE,Zamia stricta
4001664,Gymnosperms,CYCADACEAE,Cycas conferta
245544,Gymnosperms,CYCADACEAE,Cycas sphaerica
813329,Gymnosperms,CYCADACEAE,Cycas dolichophylla
616001,Gymnosperms,PODOCARPACEAE,Podocarpus rumphii
461867,Gymnosperms,PODOCARPACEAE,Podocarpus fasciculus
4001568,Gymnosperms,GNETACEAE,Gnetum loerzingii
834466,Gymnosperms,STANGERIACEAE,Bowenia spectabilis
461856,Gymnosperms,PODOCARPACEAE,Podocarpus gnidioides
958471,Gymnosperms,ZAMIACEAE,Dioon merolae
820320,Gymnosperms,PODOCARPACEAE,Dacrydium lycopodioides
6011298,Gymnosperms,ZAMIACEAE,Zamia oreillyi
6011128,Gymnosperms,CYCADACEAE,Cycas aenigma
4001693,Gymnosperms,ZAMIACEAE,Zamia oligodonta
744794,Gymnosperms,CUPRESSACEAE,Calocedrus rupestris
802432,Gymnosperms,PODOCARPACEAE,Podocarpus pilgeri
200109,Gymnosperms,PINACEAE,Abies beshanzuensis var. ziyuanensis
4001576,Gymnosperms,GNETACEAE,Gnetum giganteum
684229,Gymnosperms,TAXACEAE,Amentotaxus argotaenia
3866705,Gymnosperms,CUPRESSACEAE,Callitris monticola
1097289,Gymnosperms,CUPRESSACEAE,Thuja koraiensis
725939,Gymnosperms,STANGERIACEAE,Bowenia serrulata
194188,Gymnosperms,CUPRESSACEAE,Hesperocyparis goveniana
212453,Gymnosperms,PINACEAE,Pinus gerardiana
7045746,Gymnosperms,CYCADACEAE,Cycas glauca
1095217,Gymnosperms,PINACEAE,Tsuga heterophylla
254307,Gymnosperms,CUPRESSACEAE,Cupressus tonkinensis
237,Gymnosperms,PODOCARPACEAE,Podocarpus annamiensis
636228,Gymnosperms,ZAMIACEAE,Zamia chigua
6011287,Gymnosperms,ZAMIACEAE,Zamia hamannii
828730,Gymnosperms,CUPRESSACEAE,Hesperocyparis guadalupensis
834480,Gymnosperms,ZAMIACEAE,Dioon purpusii
7045773,Gymnosperms,ZAMIACEAE,Zamia lindenii
541655,Gymnosperms,CYCADACEAE,Cycas tanqingii
635132,Gymnosperms,PINACEAE,Pinus torreyana
791267,Gymnosperms,CUPRESSACEAE,Libocedrus yateensis
179197,Gymnosperms,ZAMIACEAE,Ceratozamia microstrobila
388645,Gymnosperms,CYCADACEAE,Cycas balansae
519238,Gymnosperms,ZAMIACEAE,Dioon mejiae
213980,Gymnosperms,PINACEAE,Pinus wangii
876317,Gymnosperms,PINACEAE,Abies fraseri
830812,Gymnosperms,PINACEAE,Pinus heldreichii
582854,Gymnosperms,ZAMIACEAE,Encephalartos laevifolius
6011314,Gymnosperms,ZAMIACEAE,Zamia tolimensis
568650,Gymnosperms,PINACEAE,Pinus monticola
22198,Gymnosperms,GNETACEAE,Gnetum acutum
6011289,Gymnosperms,ZAMIACEAE,Zamia incognita
991964,Gymnosperms,ZAMIACEAE,Macrozamia lomandroides
1091077,Gymnosperms,PINACEAE,Picea maximowiczii
245484,Gymnosperms,CYCADACEAE,Cycas tropophylla
693247,Gymnosperms,PINACEAE,Larix griffithii
608489,Gymnosperms,PINACEAE,Tsuga mertensiana
582844,Gymnosperms,CUPRESSACEAE,Chamaecyparis lawsoniana
93722,Gymnosperms,CUPRESSACEAE,Callitris oblonga
11398,Gymnosperms,ZAMIACEAE,Ceratozamia latifolia
702204,Gymnosperms,CUPRESSACEAE,Callitropsis funebris
4001560,Gymnosperms,GNETACEAE,Gnetum gracilipes
84957,Gymnosperms,ZAMIACEAE,Encephalartos longifolius
6011297,Gymnosperms,ZAMIACEAE,Zamia onan-reyesii
983643,Gymnosperms,ZAMIACEAE,Encephalartos caffer
324772,Gymnosperms,CUPRESSACEAE,Chamaecyparis obtusa
3866779,Gymnosperms,PODOCARPACEAE,Dacrydium gracile
257429,Gymnosperms,PODOCARPACEAE,Retrophyllum vitiense
196082,Gymnosperms,CYCADACEAE,Cycas simplicipinna
753464,Gymnosperms,PINACEAE,Abies squamata
83825,Gymnosperms,ZAMIACEAE,Encephalartos schaijesii
6011141,Gymnosperms,CYCADACEAE,Cycas lacrimans
615994,Gymnosperms,PODOCARPACEAE,Podocarpus spathoides
6011154,Gymnosperms,CYCADACEAE,Cycas vespertilio
786785,Gymnosperms,PINACEAE,Pinus albicaulis
768702,Gymnosperms,PODOCARPACEAE,Podocarpus brevifolius
6011286,Gymnosperms,ZAMIACEAE,Zamia grijalvensis
140066,Gymnosperms,PINACEAE,Abies numidica
6011294,Gymnosperms,ZAMIACEAE,Zamia nesophila
994545,Gymnosperms,PINACEAE,Keteleeria davidiana
6011134,Gymnosperms,CYCADACEAE,Cycas cantafolia
179190,Gymnosperms,ZAMIACEAE,Ceratozamia euryphyllidia
813320,Gymnosperms,CYCADACEAE,Cycas brachycantha
582842,Gymnosperms,CYCADACEAE,Cycas rumphii
616005,Gymnosperms,PODOCARPACEAE,Podocarpus ramosii
763084,Gymnosperms,PINACEAE,Picea crassifolia
573564,Gymnosperms,PODOCARPACEAE,Podocarpus smithii
883814,Gymnosperms,CUPRESSACEAE,Chamaecyparis pisifera
317752,Gymnosperms,ZAMIACEAE,Zamia cremnophila
517943,Gymnosperms,PINACEAE,Picea abies
3866776,Gymnosperms,PODOCARPACEAE,Dacrydium spathoides
636909,Gymnosperms,PINACEAE,Pinus muricata
3866747,Gymnosperms,PODOCARPACEAE,Podocarpus laubenfelsii
216744,Gymnosperms,CUPRESSACEAE,Actinostrobus acuminatus
11409,Gymnosperms,ZAMIACEAE,Dioon stevensonii
994858,Gymnosperms,ZAMIACEAE,Zamia poeppigiana
615992,Gymnosperms,PODOCARPACEAE,Podocarpus subtropicalis
1044480,Gymnosperms,PINACEAE,Pinus balfouriana
445439,Gymnosperms,PODOCARPACEAE,Nageia motleyi
207233,Gymnosperms,PODOCARPACEAE,Dacrydium cupressinum (species in kingdom Archaeplastida)
797543,Gymnosperms,CYCADACEAE,Cycas sexseminifera
179182,Gymnosperms,ZAMIACEAE,Ceratozamia whitelockiana
229659,Gymnosperms,PINACEAE,Picea morrisonicola
837881,Gymnosperms,PINACEAE,Pinus maximartinezii
635125,Gymnosperms,PINACEAE,Pinus greggii
36932,Gymnosperms,PINACEAE,Picea obovata
693237,Gymnosperms,PINACEAE,Larix lyallii
487329,Gymnosperms,PINACEAE,Tsuga diversifolia
534276,Gymnosperms,ZAMIACEAE,Macrozamia platyrhachis
876314,Gymnosperms,PINACEAE,Abies koreana
6011278,Gymnosperms,ZAMIACEAE,Zamia decumbens
517877,Gymnosperms,CUPRESSACEAE,Juniperus bermudiana
150479,Gymnosperms,CUPRESSACEAE,Juniperus polycarpos
1025341,Gymnosperms,ZAMIACEAE,Zamia angustifolia
304173,Gymnosperms,PODOCARPACEAE,Podocarpus gibbsiae
737748,Gymnosperms,CUPRESSACEAE,Juniperus mucronata
813296,Gymnosperms,CYCADACEAE,Cycas ferruginea
372457,Gymnosperms,PINACEAE,Picea farreri
131227,Gymnosperms,PINACEAE,Abies hickelii
773926,Gymnosperms,ZAMIACEAE,Encephalartos barteri
7045817,Gymnosperms,CUPRESSACEAE,Juniperus communis var. oblonga
814107,Gymnosperms,PINACEAE,Larix sibirica
66289,Gymnosperms,PINACEAE,Larix potaninii
6011953,Gymnosperms,PINACEAE,Picea laxa
4001584,Gymnosperms,EPHEDRACEAE,Ephedra vvedenskyi
159497,Gymnosperms,PODOCARPACEAE,Retrophyllum comptonii
4001567,Gymnosperms,GNETACEAE,Gnetum oblongum
379127,Gymnosperms,CYCADACEAE,Cycas ophiolitica
753443,Gymnosperms,CYCADACEAE,Cycas edentata
4001679,Gymnosperms,ZAMIACEAE,Ceratozamia santillanii
6011228,Gymnosperms,ZAMIACEAE,Ceratozamia hondurensis
4001656,Gymnosperms,CYCADACEAE,Cycas scratchleyana
179188,Gymnosperms,ZAMIACEAE,Ceratozamia brevifrons
4001668,Gymnosperms,CYCADACEAE,Cycas badensis
791265,Gymnosperms,CUPRESSACEAE,Libocedrus bidwillii
7045821,Gymnosperms,CUPRESSACEAE,Juniperus zanonii
615998,Gymnosperms,PODOCARPACEAE,Podocarpus salomoniensis
93729,Gymnosperms,CUPRESSACEAE,Callitris macleayana
9094,Gymnosperms,PINACEAE,Abies hidalgensis
200119,Gymnosperms,PINACEAE,Abies guatemalensis
517897,Gymnosperms,CUPRESSACEAE,Juniperus gracilior
3866754,Gymnosperms,PODOCARPACEAE,Podocarpus acuminatus
84954,Gymnosperms,ZAMIACEAE,Encephalartos lehmannii
128576,Gymnosperms,ARAUCARIACEAE,Agathis robusta
994849,Gymnosperms,ZAMIACEAE,Zamia muricata
5232000,Gymnosperms,ZAMIACEAE,Zamia imperialis
1080548,Gymnosperms,PINACEAE,Larix gmelinii
212906,Gymnosperms,PODOCARPACEAE,Podocarpus chingianus
237076,Gymnosperms,PINACEAE,Pinus amamiana
1043669,Gymnosperms,PODOCARPACEAE,Nageia fleuryi
245610,Gymnosperms,ZAMIACEAE,Macrozamia crassifolia
150471,Gymnosperms,CUPRESSACEAE,Juniperus taxifolia
4001663,Gymnosperms,CYCADACEAE,Cycas canalis
52910,Gymnosperms,PODOCARPACEAE,Podocarpus acutifolius
1072410,Gymnosperms,PODOCARPACEAE,Afrocarpus usambarensis
76525,Gymnosperms,PODOCARPACEAE,Podocarpus rusbyi
813322,Gymnosperms,CYCADACEAE,Cycas cairnsiana
4001674,Gymnosperms,CYCADACEAE,Cycas papuana
1007011,Gymnosperms,ZAMIACEAE,Ceratozamia decumbens
3866756,Gymnosperms,PODOCARPACEAE,Podocarpus micropedunculatus
200123,Gymnosperms,PINACEAE,Abies flinckii
154040,Gymnosperms,PINACEAE,Larix kaempferi
934,Gymnosperms,PODOCARPACEAE,Podocarpus nubigenus
417804,Gymnosperms,ZAMIACEAE,Zamia lecointei
1002309,Gymnosperms,ZAMIACEAE,Macrozamia longispina
103888,Gymnosperms,PINACEAE,Abies recurvata
262756,Gymnosperms,PINACEAE,Picea meyeri
6011307,Gymnosperms,ZAMIACEAE,Zamia sandovalii
639017,Gymnosperms,TAXACEAE,Cephalotaxus fortunei
467968,Gymnosperms,ZAMIACEAE,Zamia manicata
337931,Gymnosperms,ZAMIACEAE,Macrozamia moorei
238567,Gymnosperms,PODOCARPACEAE,Dacrycarpus imbricatus
3866759,Gymnosperms,PODOCARPACEAE,Podocarpus atjehensis
6011618,Gymnosperms,PODOCARPACEAE,Podocarpus orarius
1080546,Gymnosperms,PINACEAE,Keteleeria evelyniana
245541,Gymnosperms,CYCADACEAE,Cycas semota
799895,Gymnosperms,TAXACEAE,Taxus canadensis
4001667,Gymnosperms,CYCADACEAE,Cycas brunnea
164269,Gymnosperms,CUPRESSACEAE,Juniperus tibetica
6011291,Gymnosperms,ZAMIACEAE,Zamia lindleyi
1005352,Gymnosperms,ZAMIACEAE,Macrozamia secunda
672479,Gymnosperms,PODOCARPACEAE,Podocarpus forrestii
1047130,Gymnosperms,CUPRESSACEAE,Thuja standishii
1013431,Gymnosperms,ZAMIACEAE,Macrozamia serpentina
238588,Gymnosperms,TAXACEAE,Torreya nucifera
285361,Gymnosperms,ZAMIACEAE,Zamia furfuracea
245507,Gymnosperms,ZAMIACEAE,Encephalartos ituriensis
461852,Gymnosperms,PODOCARPACEAE,Podocarpus brassii
84952,Gymnosperms,ZAMIACEAE,Encephalartos ngoyanus
1080789,Gymnosperms,CUPRESSACEAE,Calocedrus decurrens
830802,Gymnosperms,PINACEAE,Pinus hwangshanensis
904751,Gymnosperms,ZAMIACEAE,Macrozamia stenomera
220887,Gymnosperms,PINACEAE,Abies pinsapo
4001686,Gymnosperms,ZAMIACEAE,Zamia ulei
4001660,Gymnosperms,CYCADACEAE,Cycas campestris
768704,Gymnosperms,PODOCARPACEAE,Podocarpus beecherae
116732,Gymnosperms,GNETACEAE,Gnetum diminutum
599396,Gymnosperms,ZAMIACEAE,Encephalartos marunguensis
834474,Gymnosperms,CYCADACEAE,Cycas angulata
1035097,Gymnosperms,CUPRESSACEAE,Hesperocyparis sargentii
944127,Gymnosperms,PODOCARPACEAE,Dacrycarpus expansus
606545,Gymnosperms,ZAMIACEAE,Encephalartos humilis
804263,Gymnosperms,PINACEAE,Larix laricina
238577,Gymnosperms,PODOCARPACEAE,Phyllocladus trichomanoides
128566,Gymnosperms,ARAUCARIACEAE,Araucaria columnaris
4001694,Gymnosperms,ZAMIACEAE,Zamia amazonum
958817,Gymnosperms,CUPRESSACEAE,Hesperocyparis macrocarpa
150481,Gymnosperms,CUPRESSACEAE,Juniperus coxii
259833,Gymnosperms,ZAMIACEAE,Encephalartos aplanatus
616613,Gymnosperms,ZAMIACEAE,Zamia pumila
84950,Gymnosperms,ZAMIACEAE,Encephalartos natalensis
238584,Gymnosperms,PODOCARPACEAE,Podocarpus costalis
883830,Gymnosperms,TAXACEAE,Taxus cuspidata
425514,Gymnosperms,ZAMIACEAE,Macrozamia viridis
327708,Gymnosperms,PINACEAE,Pinus densiflora
707185,Gymnosperms,ZAMIACEAE,Macrozamia fawcettii
599529,Gymnosperms,ZAMIACEAE,Zamia roezlii
625847,Gymnosperms,PODOCARPACEAE,Podocarpus drouynianus
573566,Gymnosperms,PODOCARPACEAE,Podocarpus spinulosus
97777,Gymnosperms,PINACEAE,Pinus canariensis
582852,Gymnosperms,ZAMIACEAE,Encephalartos lebomboensis
288510,Gymnosperms,PINACEAE,Keteleeria fortunei
793895,Gymnosperms,EPHEDRACEAE,Ephedra tilhoana
4001673,Gymnosperms,CYCADACEAE,Cycas silvestris
232765,Gymnosperms,PODOCARPACEAE,Dacrycarpus compactus
944774,Gymnosperms,CYCADACEAE,Cycas apoa
4001699,Gymnosperms,ZAMIACEAE,Encephalartos mackenziei
683685,Gymnosperms,PINACEAE,Picea likiangensis
5689533,Gymnosperms,GNETACEAE,Gnetum edule
4001652,Gymnosperms,CYCADACEAE,Cycas orientis
692327,Gymnosperms,GNETACEAE,Gnetum gnemonoides
782401,Gymnosperms,ZAMIACEAE,Macrozamia humilis
3866706,Gymnosperms,CUPRESSACEAE,Callitris roei
625829,Gymnosperms,PODOCARPACEAE,Podocarpus dispermus
379030,Gymnosperms,ZAMIACEAE,Ceratozamia mexicana
568619,Gymnosperms,PINACEAE,Pinus sylvestris
11392,Gymnosperms,ZAMIACEAE,Zamia tuerckheimii
983645,Gymnosperms,PODOCARPACEAE,Nageia nagi
815995,Gymnosperms,CUPRESSACEAE,Juniperus navicularis
568616,Gymnosperms,PINACEAE,Pinus strobus
11396,Gymnosperms,ZAMIACEAE,Ceratozamia vovidesii
824132,Gymnosperms,CUPRESSACEAE,Juniperus brevifolia
216741,Gymnosperms,CUPRESSACEAE,Calocedrus macrolepis
61762,Gymnosperms,TAXACEAE,Torreya grandis
975644,Gymnosperms,PINACEAE,Pinus jaliscana
173286,Gymnosperms,CYCADACEAE,Cycas bougainvilleana
4001585,Gymnosperms,EPHEDRACEAE,Ephedra pentandra
700838,Gymnosperms,PODOCARPACEAE,Podocarpus totara
895062,Gymnosperms,CUPRESSACEAE,Juniperus barbadensis
3866763,Gymnosperms,PODOCARPACEAE,Podocarpus glomeratus
517887,Gymnosperms,CUPRESSACEAE,Juniperus formosana var. mairei
837883,Gymnosperms,PINACEAE,Pinus pinaster
445432,Gymnosperms,PODOCARPACEAE,Dacrydium gibbsiae
4001595,Gymnosperms,EPHEDRACEAE,Ephedra holoptera
248313,Gymnosperms,PINACEAE,Picea pungens
786799,Gymnosperms,PINACEAE,Pinus bungeana
3866739,Gymnosperms,PODOCARPACEAE,Podocarpus teysmannii
4001564,Gymnosperms,GNETACEAE,Gnetum venosum
3866707,Gymnosperms,CUPRESSACEAE,Callitris baileyi
93727,Gymnosperms,CUPRESSACEAE,Callitris drummondii
606531,Gymnosperms,ZAMIACEAE,Encephalartos hildebrandtii
217130,Gymnosperms,PINACEAE,Pinus taiwanensis
600622,Gymnosperms,CUPRESSACEAE,Juniperus grandis
942,Gymnosperms,PODOCARPACEAE,Podocarpus nivalis
10224,Gymnosperms,TAXACEAE,Cephalotaxus harringtonia
4001587,Gymnosperms,EPHEDRACEAE,Ephedra oxyphylla
517883,Gymnosperms,CUPRESSACEAE,Juniperus deppeana var. gamboana
99246,Gymnosperms,CYCADACEAE,Cycas revoluta
1075733,Gymnosperms,PINACEAE,Pinus banksiana
672478,Gymnosperms,PODOCARPACEAE,Nageia wallichiana
568644,Gymnosperms,PINACEAE,Pinus radiata
714296,Gymnosperms,PINACEAE,Pinus massoniana
844776,Gymnosperms,PINACEAE,Abies spectabilis
417798,Gymnosperms,ZAMIACEAE,Zamia boliviana
820322,Gymnosperms,PODOCARPACEAE,Dacrydium beccarii
1030660,Gymnosperms,EPHEDRACEAE,Ephedra botschantzevii
263463,Gymnosperms,PINACEAE,Pinus roxburghii
285360,Gymnosperms,EPHEDRACEAE,Ephedra gerardiana
8466,Gymnosperms,CUPRESSACEAE,Juniperus polycarpos var. seravschanica
669291,Gymnosperms,CUPRESSACEAE,Libocedrus austrocaledonica
473463,Gymnosperms,CUPRESSACEAE,Juniperus morrisonicola
48796,Gymnosperms,ZAMIACEAE,Ceratozamia miqueliana
461859,Gymnosperms,PODOCARPACEAE,Podocarpus grayae
659224,Gymnosperms,ZAMIACEAE,Encephalartos septentrionalis
837877,Gymnosperms,PINACEAE,Pinus merkusii
662999,Gymnosperms,GNETACEAE,Gnetum raya
116733,Gymnosperms,GNETACEAE,Gnetum neglectum
884338,Gymnosperms,PODOCARPACEAE,Dacrydium araucarioides
648457,Gymnosperms,PINACEAE,Abies homolepis
6011342,Gymnosperms,EPHEDRACEAE,Ephedra khurikensis
693251,Gymnosperms,PINACEAE,Larix decidua
948049,Gymnosperms,EPHEDRACEAE,Ephedra ochreata
768693,Gymnosperms,PODOCARPACEAE,Podocarpus elongatus
606539,Gymnosperms,ZAMIACEAE,Encephalartos lanatus
52906,Gymnosperms,PODOCARPACEAE,Phyllocladus aspleniifolius
425501,Gymnosperms,ZAMIACEAE,Macrozamia cranei
768689,Gymnosperms,PODOCARPACEAE,Podocarpus lambertii
4001598,Gymnosperms,EPHEDRACEAE,Ephedra sumlingensis
3866750,Gymnosperms,PODOCARPACEAE,Podocarpus steyermarkii
775270,Gymnosperms,PINACEAE,Abies yuanbaoshanensis
11394,Gymnosperms,CYCADACEAE,Cycas couttsiana
568639,Gymnosperms,PINACEAE,Pinus pinea
994602,Gymnosperms,PINACEAE,Larix occidentalis
417789,Gymnosperms,ZAMIACEAE,Zamia herrerae
1040410,Gymnosperms,PINACEAE,Picea alcoquiana
4001566,Gymnosperms,GNETACEAE,Gnetum pendulum
994856,Gymnosperms,ZAMIACEAE,Zamia paucijuga
217111,Gymnosperms,PINACEAE,Pinus maximinoi
203268,Gymnosperms,PODOCARPACEAE,Podocarpus neriifolius
463853,Gymnosperms,PINACEAE,Picea schrenkiana
599515,Gymnosperms,ZAMIACEAE,Zamia verschaffeltii
924,Gymnosperms,PODOCARPACEAE,Podocarpus lawrencei
262763,Gymnosperms,PINACEAE,Picea purpurea
895936,Gymnosperms,CUPRESSACEAE,Juniperus recurva
884341,Gymnosperms,PODOCARPACEAE,Dacrydium balansae
4001592,Gymnosperms,EPHEDRACEAE,Ephedra trifurcata
615105,Gymnosperms,CUPRESSACEAE,Callitris canescens
834472,Gymnosperms,CYCADACEAE,Cycas thouarsii
606535,Gymnosperms,ZAMIACEAE,Encephalartos ghellinckii
212461,Gymnosperms,PINACEAE,Pinus echinata
887363,Gymnosperms,PINACEAE,Abies alba
828861,Gymnosperms,PODOCARPACEAE,Dacrydium elatum
623612,Gymnosperms,PODOCARPACEAE,Podocarpus milanjianus
202439,Gymnosperms,EPHEDRACEAE,Ephedra frustillata
245505,Gymnosperms,CYCADACEAE,Cycas yorkiana
786782,Gymnosperms,PINACEAE,Pinus aristata
59282,Gymnosperms,PODOCARPACEAE,Dacrydium nidulum
7045843,Gymnosperms,PINACEAE,Abies jaliscana
3866738,Gymnosperms,PODOCARPACEAE,Podocarpus roraimae
597874,Gymnosperms,PODOCARPACEAE,Podocarpus deflexus
78161,Gymnosperms,CUPRESSACEAE,Juniperus virginiana
680857,Gymnosperms,CUPRESSACEAE,Juniperus oxycedrus
111015,Gymnosperms,PINACEAE,Pinus durangensis
995738,Gymnosperms,PINACEAE,Pinus latteri
904773,Gymnosperms,ZAMIACEAE,Macrozamia douglasii
380079,Gymnosperms,ZAMIACEAE,Ceratozamia becerrae
702202,Gymnosperms,PINACEAE,Abies cephalonica
212465,Gymnosperms,PINACEAE,Pinus kesiya
659212,Gymnosperms,ZAMIACEAE,Encephalartos turneri
835687,Gymnosperms,CYCADACEAE,Cycas schumanniana
248427,Gymnosperms,PINACEAE,Picea engelmannii
791263,Gymnosperms,CUPRESSACEAE,Juniperus drupacea
930,Gymnosperms,PODOCARPACEAE,Podocarpus latifolius
1072412,Gymnosperms,PODOCARPACEAE,Afrocarpus dawei
196926,Gymnosperms,PODOCARPACEAE,Phyllocladus toatoa
615102,Gymnosperms,CUPRESSACEAE,Callitris columellaris
4001594,Gymnosperms,EPHEDRACEAE,Ephedra brevifoliata
736900,Gymnosperms,PINACEAE,Pinus ponderosa
568647,Gymnosperms,PINACEAE,Pinus longaeva
301372,Gymnosperms,PINACEAE,Abies holophylla
813316,Gymnosperms,CYCADACEAE,Cycas calcicola
4001597,Gymnosperms,EPHEDRACEAE,Ephedra aurantiaca
615104,Gymnosperms,CUPRESSACEAE,Callitris muelleri
487406,Gymnosperms,ZAMIACEAE,Macrozamia concinna
700840,Gymnosperms,PODOCARPACEAE,Phyllocladus hypophyllus
76527,Gymnosperms,PODOCARPACEAE,Podocarpus pseudobracteatus
875161,Gymnosperms,PODOCARPACEAE,Afrocarpus gracilior
3866760,Gymnosperms,PODOCARPACEAE,Podocarpus tepuiensis
918,Gymnosperms,PODOCARPACEAE,Podocarpus lucienii
3866751,Gymnosperms,PODOCARPACEAE,Podocarpus rostratus
1013421,Gymnosperms,ZAMIACEAE,Macrozamia mountperriensis
3866773,Gymnosperms,PODOCARPACEAE,Dacrydium novoguineense
379120,Gymnosperms,ZAMIACEAE,Encephalartos schmitzii
81207,Gymnosperms,PINACEAE,Pinus resinosa
615990,Gymnosperms,PODOCARPACEAE,Podocarpus trinitensis
1040405,Gymnosperms,PINACEAE,Picea glehnii
3866742,Gymnosperms,PODOCARPACEAE,Podocarpus aracensis
991939,Gymnosperms,ZAMIACEAE,Macrozamia montana
373953,Gymnosperms,EPHEDRACEAE,Ephedra pseudodistachya
463720,Gymnosperms,CUPRESSACEAE,Thuja occidentalis
445428,Gymnosperms,PODOCARPACEAE,Podocarpus bracteatus
1061500,Gymnosperms,CUPRESSACEAE,Juniperus blancoi
582859,Gymnosperms,CUPRESSACEAE,Juniperus communis
584048,Gymnosperms,ZAMIACEAE,Ceratozamia chimalapensis
837871,Gymnosperms,PINACEAE,Pinus pinceana
636911,Gymnosperms,PINACEAE,Pinus herrerae
648453,Gymnosperms,PINACEAE,Abies mariesii
3866782,Gymnosperms,PODOCARPACEAE,Dacrydium cornwallianum
786795,Gymnosperms,PINACEAE,Pinus cembroides
519220,Gymnosperms,ZAMIACEAE,Macrozamia dyeri
3866749,Gymnosperms,PODOCARPACEAE,Podocarpus levis
707200,Gymnosperms,ZAMIACEAE,Macrozamia miquelii
820314,Gymnosperms,PODOCARPACEAE,Dacrycarpus cinctus
463725,Gymnosperms,CUPRESSACEAE,Thuja plicata
597862,Gymnosperms,PODOCARPACEAE,Podocarpus pallidus
951066,Gymnosperms,PODOCARPACEAE,Podocarpus aristulatus
4001654,Gymnosperms,CYCADACEAE,Cycas arnhemica
464613,Gymnosperms,PODOCARPACEAE,Podocarpus sylvestris
937139,Gymnosperms,CYCADACEAE,Cycas clivicola
659228,Gymnosperms,ZAMIACEAE,Encephalartos transvenosus
4001672,Gymnosperms,CYCADACEAE,Cycas lane-poolei
800344,Gymnosperms,CUPRESSACEAE,Cupressus cashmeriana
568629,Gymnosperms,PINACEAE,Pinus edulis
616003,Gymnosperms,PODOCARPACEAE,Podocarpus rubens
723568,Gymnosperms,PINACEAE,Abies densa
837898,Gymnosperms,PINACEAE,Pinus parviflora
3866758,Gymnosperms,PODOCARPACEAE,Podocarpus borneensis
61780,Gymnosperms,PODOCARPACEAE,Podocarpus macrophyllus
6011346,Gymnosperms,EPHEDRACEAE,Ephedra tweedieana
820318,Gymnosperms,PODOCARPACEAE,Dacrycarpus kinabaluensis
1079127,Gymnosperms,PINACEAE,Abies vejarii
876302,Gymnosperms,PINACEAE,Abies procera
659222,Gymnosperms,ZAMIACEAE,Encephalartos tegulaneus
949938,Gymnosperms,CUPRESSACEAE,Cupressus sempervirens
814110,Gymnosperms,CUPRESSACEAE,Juniperus procera
301375,Gymnosperms,PINACEAE,Abies fabri
636907,Gymnosperms,PINACEAE,Pinus rigida
534265,Gymnosperms,ZAMIACEAE,Macrozamia riedlei
519224,Gymnosperms,CYCADACEAE,Cycas media
596176,Gymnosperms,ZAMIACEAE,Encephalartos ferox
176191,Gymnosperms,ZAMIACEAE,Macrozamia johnsonii
635127,Gymnosperms,PINACEAE,Pinus occidentalis
4001563,Gymnosperms,GNETACEAE,Gnetum formosum
61776,Gymnosperms,PINACEAE,Pinus nigra
534286,Gymnosperms,ZAMIACEAE,Macrozamia reducta
1044477,Gymnosperms,PINACEAE,Pinus contorta
425512,Gymnosperms,ZAMIACEAE,Macrozamia heteromera
245490,Gymnosperms,CYCADACEAE,Cycas xipholepis
104516,Gymnosperms,PINACEAE,Pinus glabra
283344,Gymnosperms,CUPRESSACEAE,Juniperus excelsa
245809,Gymnosperms,PINACEAE,Pinus elliottii
4001562,Gymnosperms,GNETACEAE,Gnetum camporum
425516,Gymnosperms,ZAMIACEAE,Macrozamia cardiacensis
4001573,Gymnosperms,GNETACEAE,Gnetum bosavicum
629993,Gymnosperms,GNETACEAE,Gnetum luofuense
4001659,Gymnosperms,CYCADACEAE,Cycas pruinosa
782828,Gymnosperms,PINACEAE,Pinus luchuensis
207209,Gymnosperms,PODOCARPACEAE,Afrocarpus falcatus
425764,Gymnosperms,GNETACEAE,Gnetum leyboldii
599394,Gymnosperms,ZAMIACEAE,Encephalartos poggei
994844,Gymnosperms,ZAMIACEAE,Zamia pseudomonticola
518554,Gymnosperms,PINACEAE,Pinus fenzeliana
417802,Gymnosperms,ZAMIACEAE,Zamia loddigesii
1025343,Gymnosperms,ZAMIACEAE,Zamia fairchildiana
799605,Gymnosperms,PINACEAE,Pinus flexilis
811585,Gymnosperms,PINACEAE,Abies cilicica
1013419,Gymnosperms,ZAMIACEAE,Macrozamia parcifolia
340875,Gymnosperms,PINACEAE,Picea jezoensis
379122,Gymnosperms,ZAMIACEAE,Encephalartos friderici-guilielmi
568626,Gymnosperms,PINACEAE,Pinus lambertiana
335572,Gymnosperms,CUPRESSACEAE,Juniperus occidentalis
786788,Gymnosperms,PINACEAE,Pinus ayacahuite
425506,Gymnosperms,ZAMIACEAE,Macrozamia occidua
714292,Gymnosperms,PINACEAE,Pinus tabuliformis
636905,Gymnosperms,PINACEAE,Pinus oocarpa
707198,Gymnosperms,ZAMIACEAE,Macrozamia macdonnellii
3866697,Gymnosperms,CUPRESSACEAE,Juniperus standleyi
691084,Gymnosperms,GNETACEAE,Gnetum cuspidatum
227575,Gymnosperms,PINACEAE,Pinus densata
84959,Gymnosperms,ZAMIACEAE,Encephalartos manikensis
714289,Gymnosperms,PINACEAE,Pinus yunnanensis
876315,Gymnosperms,PINACEAE,Abies concolor
4333,Gymnosperms,PINACEAE,Pinus caribaea
597870,Gymnosperms,PODOCARPACEAE,Podocarpus magnifolius
262951,Gymnosperms,PINACEAE,Pinus dalatensis
259831,Gymnosperms,ZAMIACEAE,Encephalartos bubalinus
553061,Gymnosperms,CUPRESSACEAE,Callitris endlicheri
597878,Gymnosperms,PODOCARPACEAE,Podocarpus glaucus
262757,Gymnosperms,PINACEAE,Picea koraiensis
608487,Gymnosperms,PINACEAE,Tsuga chinensis
894063,Gymnosperms,CYCADACEAE,Cycas maconochiei
200117,Gymnosperms,PINACEAE,Abies pindrow
225281,Gymnosperms,PINACEAE,Pinus remota
212480,Gymnosperms,PINACEAE,Pinus lumholtzii
938,Gymnosperms,PODOCARPACEAE,Podocarpus novae-caledoniae
606547,Gymnosperms,ZAMIACEAE,Encephalartos laurentianus
262953,Gymnosperms,PINACEAE,Pinus strobiformis
116734,Gymnosperms,GNETACEAE,Gnetum macrostachyum
259821,Gymnosperms,ZAMIACEAE,Encephalartos cycadifolius
1075736,Gymnosperms,PINACEAE,Pinus taeda
1080798,Gymnosperms,CUPRESSACEAE,Callitris rhomboidea
212477,Gymnosperms,PINACEAE,Pinus leiophylla
682640,Gymnosperms,EPHEDRACEAE,Ephedra boelckei
61771,Gymnosperms,PINACEAE,Pinus cembra
39085,Gymnosperms,PINACEAE,Picea smithiana
510200,Gymnosperms,CUPRESSACEAE,Juniperus pseudosabina
244585,Gymnosperms,PODOCARPACEAE,Podocarpus coriaceus
107382,Gymnosperms,ZAMIACEAE,Encephalartos villosus
393199,Gymnosperms,EPHEDRACEAE,Ephedra milleri
628861,Gymnosperms,EPHEDRACEAE,Ephedra chilensis
1086988,Gymnosperms,PINACEAE,Pinus morrisonicola
815997,Gymnosperms,CUPRESSACEAE,Juniperus macrocarpa
212456,Gymnosperms,PINACEAE,Pinus halepensis
1061362,Gymnosperms,PINACEAE,Pinus brutia
875075,Gymnosperms,GNETACEAE,Gnetum tenuifolium
1013423,Gymnosperms,ZAMIACEAE,Macrozamia macleayi
837894,Gymnosperms,PINACEAE,Pinus patula
5233685,Gymnosperms,PINACEAE,Pinus georginae
116735,Gymnosperms,GNETACEAE,Gnetum latifolium
241092,Gymnosperms,PINACEAE,Picea spinulosa
755783,Gymnosperms,PODOCARPACEAE,Podocarpus guatemalensis
1022077,Gymnosperms,PODOCARPACEAE,Podocarpus brasiliensis
883812,Gymnosperms,CUPRESSACEAE,Juniperus rigida
343179,Gymnosperms,PINACEAE,Abies grandis
955328,Gymnosperms,ZAMIACEAE,Macrozamia glaucophylla
135014,Gymnosperms,CUPRESSACEAE,Juniperus formosana
837875,Gymnosperms,PINACEAE,Pinus montezumae
714285,Gymnosperms,PINACEAE,Pinus armandii
771655,Gymnosperms,PINACEAE,Picea rubens
615115,Gymnosperms,CUPRESSACEAE,Widdringtonia nodiflora
212459,Gymnosperms,PINACEAE,Pinus douglasiana
723570,Gymnosperms,PINACEAE,Abies durangensis
111011,Gymnosperms,PINACEAE,Pinus arizonica
254305,Gymnosperms,CUPRESSACEAE,Cupressus torulosa
878619,Gymnosperms,EPHEDRACEAE,Ephedra equisetina
335576,Gymnosperms,CUPRESSACEAE,Juniperus saltillensis
194173,Gymnosperms,CUPRESSACEAE,Hesperocyparis lusitanica
798906,Gymnosperms,CUPRESSACEAE,Hesperocyparis macnabiana
682638,Gymnosperms,EPHEDRACEAE,Ephedra multiflora
204019,Gymnosperms,CUPRESSACEAE,Juniperus pingii
1069751,Gymnosperms,PINACEAE,Pinus mugo
516531,Gymnosperms,PINACEAE,Pinus mugo subsp. uncinata
363879,Gymnosperms,PINACEAE,Picea mariana
113478,Gymnosperms,PINACEAE,Pinus sabiniana
159201,Gymnosperms,EPHEDRACEAE,Ephedra funerea
944770,Gymnosperms,CYCADACEAE,Cycas basaltica
924417,Gymnosperms,PINACEAE,Abies magnifica
648452,Gymnosperms,PINACEAE,Abies veitchii
142117,Gymnosperms,CUPRESSACEAE,Juniperus horizontalis
865419,Gymnosperms,ZAMIACEAE,Macrozamia fraseri
1022067,Gymnosperms,PODOCARPACEAE,Podocarpus decipiens
615116,Gymnosperms,CUPRESSACEAE,Actinostrobus pyramidalis
837867,Gymnosperms,PINACEAE,Pinus pumila
159202,Gymnosperms,EPHEDRACEAE,Ephedra strobilacea
694338,Gymnosperms,CYCADACEAE,Cycas furfuracea
740296,Gymnosperms,CUPRESSACEAE,Juniperus phoenicea
254302,Gymnosperms,CUPRESSACEAE,Juniperus indica
992446,Gymnosperms,CUPRESSACEAE,Juniperus squamata
748914,Gymnosperms,CUPRESSACEAE,Widdringtonia schwarzii
1067278,Gymnosperms,CUPRESSACEAE,Hesperocyparis arizonica
876303,Gymnosperms,PINACEAE,Abies amabilis
786792,Gymnosperms,PINACEAE,Pinus attenuata
814113,Gymnosperms,PINACEAE,Pinus sibirica
117279,Gymnosperms,EPHEDRACEAE,Ephedra viridis
1092067,Gymnosperms,PODOCARPACEAE,Podocarpus degeneri
635129,Gymnosperms,PINACEAE,Pinus devoniana
305716,Gymnosperms,CUPRESSACEAE,Actinostrobus arenarius
736889,Gymnosperms,PINACEAE,Pinus engelmannii
682641,Gymnosperms,EPHEDRACEAE,Ephedra breana
217118,Gymnosperms,PINACEAE,Pinus clausa
332581,Gymnosperms,GNETACEAE,Gnetum parvifolium
254311,Gymnosperms,CUPRESSACEAE,Juniperus arizonica
389653,Gymnosperms,ZAMIACEAE,Macrozamia conferta
238573,Gymnosperms,CUPRESSACEAE,Juniperus chinensis
159200,Gymnosperms,EPHEDRACEAE,Ephedra rupestris
254304,Gymnosperms,CUPRESSACEAE,Callitris preissii
287287,Gymnosperms,CUPRESSACEAE,Juniperus scopulorum
194518,Gymnosperms,PODOCARPACEAE,Dacrydium magnum
159203,Gymnosperms,EPHEDRACEAE,Ephedra fedtschenkoae
425510,Gymnosperms,ZAMIACEAE,Macrozamia machinii
263433,Gymnosperms,PINACEAE,Pinus virginiana
301376,Gymnosperms,PINACEAE,Abies fargesii
32701,Gymnosperms,CUPRESSACEAE,Callitris verrucosa
202436,Gymnosperms,EPHEDRACEAE,Ephedra minuta
836791,Gymnosperms,CUPRESSACEAE,Juniperus ashei
200121,Gymnosperms,PINACEAE,Abies forrestii
1091066,Gymnosperms,PINACEAE,Picea torano
209226,Gymnosperms,CUPRESSACEAE,Juniperus sabina
179024,Gymnosperms,PINACEAE,Abies religiosa
4001575,Gymnosperms,GNETACEAE,Gnetum schwackeanum
340326,Gymnosperms,CUPRESSACEAE,Juniperus thurifera
876311,Gymnosperms,PINACEAE,Abies nephrolepis
104512,Gymnosperms,PINACEAE,Pinus praetermissa
723560,Gymnosperms,PINACEAE,Abies chensiensis
717782,Gymnosperms,GNETACEAE,Gnetum nodiflorum
86522,Gymnosperms,CUPRESSACEAE,Juniperus procumbens
535589,Gymnosperms,CUPRESSACEAE,Juniperus monosperma
448104,Gymnosperms,GNETACEAE,Gnetum paniculatum
717781,Gymnosperms,GNETACEAE,Gnetum urens
116738,Gymnosperms,GNETACEAE,Gnetum hainanense
6011341,Gymnosperms,EPHEDRACEAE,Ephedra kardangensis
448148,Gymnosperms,PODOCARPACEAE,Dacrydium xanthandrum
267773,Gymnosperms,CUPRESSACEAE,Juniperus deppeana
876306,Gymnosperms,PINACEAE,Abies nordmanniana
3866765,Gymnosperms,PODOCARPACEAE,Podocarpus lophatus
568632,Gymnosperms,PINACEAE,Pinus wallichiana
194516,Gymnosperms,PODOCARPACEAE,Podocarpus affinis
4001593,Gymnosperms,EPHEDRACEAE,Ephedra dawuensis
844780,Gymnosperms,PINACEAE,Abies kawakamii
567406,Gymnosperms,GNETACEAE,Gnetum costatum
150469,Gymnosperms,CUPRESSACEAE,Juniperus semiglobosa
830806,Gymnosperms,PINACEAE,Pinus koraiensis
301374,Gymnosperms,PINACEAE,Abies sibirica
99235,Gymnosperms,EPHEDRACEAE,Ephedra altissima
673440,Gymnosperms,GNETACEAE,Gnetum montanum
29712,Gymnosperms,GNETACEAE,Gnetum leptostachyum
563917,Gymnosperms,EPHEDRACEAE,Ephedra likiangensis
682639,Gymnosperms,EPHEDRACEAE,Ephedra triandra
608042,Gymnosperms,PINACEAE,Tsuga forrestii
703035,Gymnosperms,EPHEDRACEAE,Ephedra alata
517895,Gymnosperms,CUPRESSACEAE,Juniperus komarovii
66079,Gymnosperms,EPHEDRACEAE,Ephedra rhytidosperma
107385,Gymnosperms,EPHEDRACEAE,Ephedra americana
768695,Gymnosperms,PODOCARPACEAE,Podocarpus ekmanii
673436,Gymnosperms,GNETACEAE,Gnetum gnemon
113476,Gymnosperms,PINACEAE,Pinus bhutanica
517891,Gymnosperms,CUPRESSACEAE,Juniperus convallium
137132,Gymnosperms,ZAMIACEAE,Macrozamia lucida
629992,Gymnosperms,EPHEDRACEAE,Ephedra laristanica
1070115,Gymnosperms,PINACEAE,Pinus luzmariae
683296,Gymnosperms,PINACEAE,Pinus tabuliformis var. henryi
166143,Gymnosperms,PINACEAE,Pinus cubensis
666125,Gymnosperms,EPHEDRACEAE,Ephedra californica
54058,Gymnosperms,EPHEDRACEAE,Ephedra nevadensis
225275,Gymnosperms,PINACEAE,Pinus monophylla
225278,Gymnosperms,PINACEAE,Pinus quadrifolia
3866741,Gymnosperms,PODOCARPACEAE,Podocarpus salicifolius
1075721,Gymnosperms,PINACEAE,Pinus coulteri
254315,Gymnosperms,CUPRESSACEAE,Juniperus coahuilensis
1027177,Gymnosperms,PODOCARPACEAE,Podocarpus oleifolius
54056,Gymnosperms,EPHEDRACEAE,Ephedra pedunculata
1022070,Gymnosperms,PODOCARPACEAE,Podocarpus celatus
854302,Gymnosperms,PINACEAE,Pinus lawsonii
505506,Gymnosperms,EPHEDRACEAE,Ephedra dahurica
626696,Gymnosperms,EPHEDRACEAE,Ephedra aphylla
263469,Gymnosperms,PINACEAE,Pinus teocote
682635,Gymnosperms,EPHEDRACEAE,Ephedra major subsp. procera
608044,Gymnosperms,PINACEAE,Tsuga dumosa
332582,Gymnosperms,EPHEDRACEAE,Ephedra sinica
636901,Gymnosperms,PINACEAE,Pinus pungens
626671,Gymnosperms,EPHEDRACEAE,Ephedra fasciculata
4001572,Gymnosperms,GNETACEAE,Gnetum microcarpum
635142,Gymnosperms,PINACEAE,Pinus pringlei
592145,Gymnosperms,PINACEAE,Pinus serotina
628854,Gymnosperms,PINACEAE,Picea orientalis
116737,Gymnosperms,GNETACEAE,Gnetum klossii
517875,Gymnosperms,CUPRESSACEAE,Juniperus comitana
723562,Gymnosperms,PINACEAE,Abies delavayi
648449,Gymnosperms,PINACEAE,Abies sachalinensis
626703,Gymnosperms,EPHEDRACEAE,Ephedra cutleri
319654,Gymnosperms,CUPRESSACEAE,Juniperus durangensis
868993,Gymnosperms,ZAMIACEAE,Macrozamia communis
955330,Gymnosperms,ZAMIACEAE,Macrozamia polymorpha
939674,Gymnosperms,PODOCARPACEAE,Podocarpus insularis
517879,Gymnosperms,CUPRESSACEAE,Juniperus angosturana
626702,Gymnosperms,EPHEDRACEAE,Ephedra coryi
202432,Gymnosperms,EPHEDRACEAE,Ephedra intermedia
1075728,Gymnosperms,PINACEAE,Pinus thunbergii
563921,Gymnosperms,EPHEDRACEAE,Ephedra przewalskii
703034,Gymnosperms,EPHEDRACEAE,Ephedra foliata
335570,Gymnosperms,CUPRESSACEAE,Juniperus osteosperma
1013425,Gymnosperms,ZAMIACEAE,Macrozamia fearnsidei
648454,Gymnosperms,PINACEAE,Abies firma
948083,Gymnosperms,EPHEDRACEAE,Ephedra regeliana
335556,Gymnosperms,CUPRESSACEAE,Juniperus californica
662665,Gymnosperms,EPHEDRACEAE,Ephedra pachyclada
54055,Gymnosperms,EPHEDRACEAE,Ephedra sarcocarpa
682633,Gymnosperms,EPHEDRACEAE,Ephedra compacta
245633,Gymnosperms,ZAMIACEAE,Macrozamia diplomera
878339,Gymnosperms,CUPRESSACEAE,Juniperus przewalskii
736886,Gymnosperms,PINACEAE,Pinus jeffreyi
85987,Gymnosperms,EPHEDRACEAE,Ephedra major
159204,Gymnosperms,EPHEDRACEAE,Ephedra somalensis
626672,Gymnosperms,EPHEDRACEAE,Ephedra lomatolepis
107397,Gymnosperms,EPHEDRACEAE,Ephedra monosperma
204012,Gymnosperms,CUPRESSACEAE,Juniperus saltuaria
726976,Gymnosperms,EPHEDRACEAE,Ephedra transitoria
901392,Gymnosperms,PINACEAE,Pinus pseudostrobus
212471,Gymnosperms,PINACEAE,Pinus hartwegii
4001589,Gymnosperms,EPHEDRACEAE,Ephedra rituensis
689494,Gymnosperms,EPHEDRACEAE,Ephedra foeminea
673442,Gymnosperms,EPHEDRACEAE,Ephedra distachya
185192,Gymnosperms,EPHEDRACEAE,Ephedra fragilis
895046,Gymnosperms,CUPRESSACEAE,Juniperus flaccida
883527,Gymnosperms,PINACEAE,Abies balsamea
1015211,Gymnosperms,CUPRESSACEAE,Juniperus monticola
78159,Gymnosperms,EPHEDRACEAE,Ephedra trifurca
85998,Gymnosperms,PINACEAE,Abies lasiocarpa
467864,Gymnosperms,EPHEDRACEAE,Ephedra aspera
911827,Gymnosperms,CUPRESSACEAE,Juniperus pinchotii
717724,Gymnosperms,EPHEDRACEAE,Ephedra torreyana
983639,Gymnosperms,EPHEDRACEAE,Ephedra antisyphilitica
